"","pos","name","date","time","map"
"92","8","ace","03/09/15","42.561","0wnz3"
"312","2","ace","23/04/16","27.645","132tree"
"144","13","ace","09/02/15","92.748","1337"
"415","3","ace","04/12/14","19.670","1jumpmap"
"138","12","ace","28/10/17","8.303","2_race_r3"
"515","4","ace","15/07/16","68.089","3013"
"1111","10","ace","21/10/14","18.978","4c3jump1"
"716","6","ace","24/06/15","16.009","4c3jump3"
"619","5","ace","18/02/16","6.444","4mybros"
"719","6","ace","20/12/17","30.293","4race1"
"917","8","ace","05/02/16","36.932","4race2"
"918","8","ace","21/09/17","19.089","4race3"
"438","3","ace","07/05/17","55.017","4race4"
"529","4","ace","18/02/16","44.832","4race5"
"358","2","ace","04/03/16","60.973","4race6"
"535","4","ace","09/09/17","47.172","4race7"
"369","2","ace","05/01/18","38.343","4race8"
"732","6","ace","26/02/18","82.309","9000_2"
"635","5","ace","20/10/15","28.986","_fmj_a"
"927","8","ace","15/03/17","45.168","_jumplava"
"549","4","ace","08/06/15","16.935","_madjumping10"
"1129","10","ace","16/09/17","36.453","a2-01"
"3104","2","ace","23/05/17","27.802","a2-02-moonrace_1"
"738","6","ace","06/05/15","14.314","a2-03"
"557","4","ace","11/11/15","24.126","a2-04"
"740","6","ace","24/08/17","11.878","a2-05"
"644","5","ace","29/12/16","33.218","a2-06"
"937","8","ace","19/10/14","11.194","ac1_jump3"
"2150","1","ace","25/08/17","5.586","ac1_race1"
"570","4","ace","12/11/14","42.583","acejumps01"
"942","8","ace","11/06/15","12.318","acejumps02"
"574","4","ace","21/01/18","205.573","acejumps03"
"575","4","ace","21/01/18","12.277","acejumps04"
"576","4","ace","21/01/18","27.036","acejumps05"
"2158","1","ace","18/10/15","32.181","acejumps06"
"659","5","ace","01/11/15","82.661","acejumps07"
"4107","3","ace","09/09/15","13.079","acejumps08"
"1149","10","ace","24/03/15","18.357","acejumps09"
"950","8","ace","04/10/15","25.673","acejumps10"
"3148","2","ace","30/12/16","190.559","acejumps11"
"765","6","ace","28/02/15","30.270","acejumps12a"
"953","8","ace","12/04/15","24.360","acejumps13"
"668","5","ace","05/06/15","12.774","acejumps15"
"3152","2","ace","28/07/15","39.729","acejumps16"
"1156","10","ace","28/08/15","9.791","action"
"590","4","ace","17/06/15","8.516","action_big"
"674","5","ace","14/04/15","170.469","admintryouts"
"959","8","ace","03/05/15","17.777","adrace1"
"1357","12","ace","04/11/15","24.962","adrenjumps10"
"1259","11","ace","18/11/15","43.243","adrenjumps11"
"1359","12","ace","06/03/15","92.023","adrenjumps12"
"866","7","ace","08/01/18","23.822","adrenjumps14"
"966","8","ace","05/10/16","45.323","adrenjumps15a"
"782","6","ace","20/10/16","97.881","adrenjumps16"
"969","8","ace","20/02/18","34.283","adrenjumps18_fixed"
"970","8","ace","05/10/15","30.154","adrenjumps19"
"787","6","ace","10/02/15","28.851","adrenjumps21"
"788","6","ace","07/11/15","28.064","adrenjumps22"
"5123","4","ace","30/12/15","27.492","adrenjumps27"
"1571","14","ace","06/02/15","13.359","adrenjumps28"
"1080","9","ace","02/07/15","14.147","adrenjumps29"
"699","5","ace","11/08/15","34.423","adrenjumps3"
"4163","3","ace","11/04/16","5.206","adrenjumps30"
"798","6","ace","28/08/17","22.748","adrenjumps31"
"5130","4","ace","29/11/14","27.019","adrenjumps32"
"7100","6","ace","08/02/15","75.764","adrenjumps33"
"6104","5","ace","26/02/15","30.260","adrenjumps34"
"888","7","ace","11/04/16","19.354","adrenjumps35"
"988","8","ace","25/03/15","19.629","adrenjumps36"
"1089","9","ace","23/03/15","15.333","adrenjumps37"
"891","7","ace","24/03/15","24.873","adrenjumps38"
"6109","5","ace","25/03/15","18.499","adrenjumps39"
"5139","4","ace","24/08/17","23.794","adrenjumps40"
"5140","4","ace","03/09/17","19.251","adrenjumps41"
"896","7","ace","16/04/15","24.689","adrenjumps42"
"996","8","ace","08/05/15","27.771","adrenjumps43"
"6117","5","ace","01/05/15","28.000","adrenjumps44"
"2293","1","ace","10/10/17","20.639","adrenjumps45"
"5145","4","ace","16/08/17","30.067","adrenjumps46"
"6121","5","ace","11/05/15","18.866","adrenjumps48"
"1296","11","ace","15/04/16","21.506","adrenjumps5"
"4193","3","ace","14/03/17","9.935","adrqj3"
"13102","12","ace","02/03/15","40.461","aj2"
"5160","4","ace","16/02/16","8.441","ajumpb"
"16102","15","ace","04/10/14","47.505","akumamap1"
"6137","5","ace","28/08/15","20.727","akumamap3"
"11115","10","ace","21/01/15","19.173","akumanoob1"
"9117","8","ace","16/04/15","16.910","akumanoob2a"
"14109","13","ace","26/12/15","10.453","akumanoob3b"
"12114","11","ace","21/10/14","13.050","aljump1"
"7139","6","ace","21/10/14","47.121","aljump10"
"13115","12","ace","09/02/16","19.530","aljump11"
"5176","4","ace","21/05/14","30.078","aljump14"
"4240","3","ace","10/02/15","27.641","aljump15"
"3301","2","ace","15/02/16","22.289","aljump16"
"11126","10","ace","29/07/15","15.336","aljump17"
"3303","2","ace","11/03/18","12.537","aljump18"
"12123","11","ace","01/04/17","5.677","aljump19"
"12125","11","ace","05/05/15","9.522","aljump20"
"15123","14","ace","27/10/14","3.579","aljump21"
"3308","2","ace","20/05/17","2.528","aljump22"
"3374","2","ace","31/10/15","9.486","aljump27"
"5200","4","ace","20/06/15","40.173","aljump30"
"4265","3","ace","14/03/18","12.688","aljump32"
"2603","1","ace","07/03/15","3.241","aljump4"
"3391","2","ace","17/04/15","11.131","aljumpnoob3"
"4278","3","ace","16/09/17","17.440","alrocket1"
"8156","7","ace","31/10/14","180.316","alt10b"
"3397","2","ace","02/11/16","137.703","alt11"
"8160","7","ace","29/10/14","569.515","alt15a"
"4285","3","ace","24/10/17","109.503","alt16"
"5235","4","ace","12/11/17","296.282","alt17"
"2802","1","ace","12/02/17","33.019","alt19"
"7182","6","ace","28/11/14","19.164","alt2"
"7183","6","ace","07/07/15","463.335","alt20"
"4293","3","ace","24/10/17","36.830","alt3"
"6192","5","ace","15/03/17","22.451","alt4"
"6195","5","ace","02/11/16","40.129","alt8"
"9168","8","ace","21/10/14","18.722","amazing"
"2907","1","ace","21/06/15","34.092","ancientgouki4"
"6202","5","ace","28/05/14","25.281","ancientgouki5"
"6203","5","ace","05/10/14","16.722","ancientgouki5b"
"11173","10","ace","09/04/15","31.644","ancientgouki6"
"3490","2","ace","31/05/16","18.357","ancientgouki7"
"10176","9","ace","21/05/14","353.287","ancientgoukimax"
"7200","6","ace","27/05/17","25.848","anime1"
"7201","6","ace","24/10/16","10.580","anime10"
"9180","8","ace","16/08/16","15.671","anime11"
"6216","5","ace","20/10/17","22.316","anime14"
"7207","6","ace","17/09/17","21.420","anime2"
"9187","8","ace","27/06/15","65.160","anime4"
"11185","10","ace","30/07/15","53.181","anime5"
"6222","5","ace","05/12/17","20.165","anime6"
"7217","6","ace","13/02/16","11.044","aodjump2"
"6229","5","ace","21/10/16","29.513","apkisjump2"
"3583","2","ace","15/12/15","26.058","apkisjump5"
"4368","3","ace","13/02/17","167.236","apocalypse"
"3586","2","ace","14/10/16","145.964","apocalypse11"
"3590","2","ace","28/10/16","19.089","apocalypse15"
"14185","13","ace","04/06/14","44.946","apocalypse18"
"4378","3","ace","29/05/14","46.063","apocalypse19"
"5295","4","ace","17/10/17","285.337","apocalypse24"
"4385","3","ace","28/12/17","703.916","apocalypse25"
"4387","3","ace","03/12/14","607.275","apocalypse27"
"7239","6","ace","26/08/17","11.298","apocalypse28"
"6251","5","ace","24/10/15","16.030","apocalypse28a"
"7241","6","ace","04/12/14","276.754","apocalypse29"
"3609","2","ace","24/02/15","27.487","apocalypse2b"
"9219","8","ace","22/03/17","813.061","apocalypse30"
"7246","6","ace","21/05/14","56.252","apocalypse32"
"4396","3","ace","28/10/15","34.893","apocalypse33"
"4397","3","ace","10/10/15","64.364","apocalypse34"
"4398","3","ace","10/02/17","10.191","apocalypse35"
"5326","4","ace","01/10/15","634.103","apocalypse37"
"4403","3","ace","20/10/16","125.680","apocalypse4"
"5332","4","ace","27/10/16","263.605","apocalypse42"
"6270","5","ace","29/11/14","99.678","apocalypse44"
"6273","5","ace","05/04/17","29.035","apocalypse47"
"16195","15","ace","26/09/17","43.111","apocalypse50"
"5344","4","ace","12/05/16","55.922","apocalypse53"
"5345","4","ace","29/03/16","41.949","apocalypse55"
"4456","3","ace","04/03/17","28.396","apocalypse58"
"4457","3","ace","20/09/15","136.818","apocalypse6"
"5351","4","ace","17/03/18","17.494","apocalypse62"
"6289","5","ace","15/11/14","252.627","apocalypse8"
"7287","6","ace","31/01/17","18.306","ariejump17"
"6306","5","ace","17/01/17","10.225","ariejump21"
"8272","7","ace","12/11/14","26.110","ariejump22"
"7295","6","ace","15/02/18","4.801","ariejump24"
"12239","11","ace","18/02/16","11.250","ariejump25"
"5379","4","ace","03/04/16","7.463","ariejump28"
"10261","9","ace","03/10/14","30.527","ariejump30"
"6322","5","ace","23/10/17","123.387","ariejump31"
"5384","4","ace","13/10/15","59.985","ariejump32"
"11259","10","ace","07/10/14","47.763","ariejump35"
"7312","6","ace","07/11/15","53.930","ariejump38"
"7313","6","ace","23/11/17","44.738","ariejump39"
"5394","4","ace","30/01/16","19.648","ariejump4"
"12258","11","ace","27/03/17","80.408","ariejump42"
"8295","7","ace","16/03/17","33.280","ariejump43"
"10276","9","ace","18/10/14","12.559","ariejump44"
"6337","5","ace","01/04/17","35.515","ariejump45"
"4550","3","ace","23/10/17","22.415","ariejump46"
"8299","7","ace","19/09/17","37.170","ariejump47"
"5403","4","ace","14/11/15","24.893","ariejump48"
"5406","4","ace","26/10/17","35.626","ariejump50"
"14255","13","ace","03/09/14","49.240","ariejump52"
"4560","3","ace","21/05/17","48.106","ariejump53"
"14257","13","ace","08/04/16","54.095","ariejump54"
"4562","3","ace","01/08/15","225.764","ariejump55"
"9300","8","ace","01/03/17","23.771","ariejump56"
"8310","7","ace","12/09/16","209.815","ariejump57"
"4565","3","ace","26/10/17","45.556","ariejump58"
"31000","2","ace","06/03/17","38.834","ariejump6"
"6356","5","ace","14/03/17","8.239","art"
"11291","10","ace","05/05/15","31.760","articjumpin4"
"7345","6","ace","01/12/15","20.587","articjumping_3"
"13279","12","ace","04/02/15","10.806","arvil"
"4578","3","ace","13/10/17","12.989","arvil_2"
"9316","8","ace","13/04/17","14.140","arvil_ice"
"11298","10","ace","12/03/16","12.236","as1"
"12290","11","ace","25/02/15","19.223","as10"
"9319","8","ace","25/02/15","28.309","as11"
"13285","12","ace","28/02/15","13.725","as12"
"6370","5","ace","27/03/15","15.254","as13"
"5450","4","ace","20/05/16","19.379","as14"
"7355","6","ace","07/04/15","13.560","as15"
"7356","6","ace","13/05/15","13.251","as16"
"5453","4","ace","13/04/15","18.008","as17"
"7358","6","ace","20/06/15","16.796","as18"
"10316","9","ace","09/02/15","12.928","as3"
"6378","5","ace","01/12/15","6.202","as4"
"11311","10","ace","11/01/15","17.669","as5"
"6381","5","ace","04/06/14","4.280","as7"
"8342","7","ace","09/02/15","13.770","as8"
"5465","4","ace","04/10/14","57.505","ashfuture"
"4604","3","ace","15/10/16","248.264","ashtonsjumps3"
"8347","7","ace","29/06/15","398.173","ashtonsjumps4"
"4607","3","ace","21/08/15","38.638","astejumpz1"
"9341","8","ace","29/07/15","10.617","atr_jump3"
"8352","7","ace","20/09/16","6.911","atr_kjump1"
"31041","2","ace","04/01/15","26.838","atr_kjump10"
"10334","9","ace","10/02/15","3.823","atr_kjump2"
"5479","4","ace","20/11/16","12.817","atr_kjump4"
"5483","4","ace","10/07/15","10.512","atr_kjump9"
"6403","5","ace","18/12/14","13.899","b-stk"
"31053","2","ace","04/08/15","86.422","b0at11"
"10342","9","ace","27/10/15","26.516","b0at12"
"6406","5","ace","01/08/17","25.053","b0at16"
"10345","9","ace","31/03/17","5.025","b0at17_5"
"8370","7","ace","26/02/15","7.931","b0at22"
"8371","7","ace","12/03/17","35.371","b0atnewb2"
"31068","2","ace","29/11/17","6.888","baldyjump"
"9365","8","ace","24/10/14","14.733","ballspillin"
"10353","9","ace","27/06/15","23.438","bas1cjump"
"10356","9","ace","12/01/16","10.946","bibpro1"
"6426","5","ace","31/10/15","11.402","bibpro3"
"10361","9","ace","04/10/14","5.997","bigjump"
"8384","7","ace","09/04/15","39.790","bigjump1"
"5527","4","ace","06/12/16","70.102","bigrace"
"7413","6","ace","09/09/17","19.460","bjump1"
"5533","4","ace","10/03/18","26.302","bjump2"
"5538","4","ace","06/12/16","34.877","bkjump3"
"4708","3","ace","27/05/16","5.786","bkjump4"
"4758","3","ace","27/11/15","5.988","bkjump6"
"8398","7","ace","05/06/15","6.413","bkjump7"
"31095","2","ace","05/12/15","5.816","bkjump8"
"31096","2","ace","25/10/16","331.755","bkjump9"
"6450","5","ace","23/11/16","9.136","blastjump1"
"21471","1","ace","08/02/16","59.786","blastjump2"
"11375","10","ace","26/08/16","88.654","bleh5"
"8408","7","ace","09/11/15","3.749","bljp"
"31254","2","ace","06/01/15","37.534","bluehardjumps1"
"8416","7","ace","03/02/14","24.688","bluehardjumps3"
"5566","4","ace","24/11/14","19.550","bluejumps2"
"6469","5","ace","15/11/14","11.183","bodyjumps"
"6471","5","ace","10/03/15","13.681","bridgejump"
"7448","6","ace","12/04/15","19.410","brudny1o1"
"7449","6","ace","16/01/17","159.164","brunixone_b9"
"4791","3","ace","17/03/15","47.863","bubjump2"
"9418","8","ace","09/01/16","28.589","bubspeed1"
"9419","8","ace","12/10/15","5.024","burn"
"8430","7","ace","11/03/17","15.229","bw"
"7457","6","ace","08/03/17","152.439","bw2"
"5582","4","ace","08/11/15","55.128","bw3easy"
"9423","8","ace","10/02/15","17.977","byxjumpin1"
"8435","7","ace","06/02/17","35.745","c1"
"13379","12","ace","11/06/14","29.507","c1jumps1"
"7465","6","ace","27/08/17","9.265","c1jumps11a"
"4858","3","ace","11/09/17","41.033","c1jumps15"
"14377","13","ace","25/06/14","44.976","c1jumps19"
"6499","5","ace","20/11/15","9.209","c1jumps2"
"10424","9","ace","18/12/16","11.587","c1jumps21"
"6504","5","ace","29/07/15","22.338","c1jumps24"
"8454","7","ace","10/05/14","19.384","c1jumps25"
"10430","9","ace","31/10/16","15.913","c1jumps3"
"7484","6","ace","30/04/15","28.498","c1jumps5"
"5609","4","ace","31/03/17","7.271","c1jumps6"
"9449","8","ace","06/12/16","23.626","c1jumps7"
"6521","5","ace","08/09/15","20.826","c1speed24"
"4882","3","ace","24/10/16","39.724","calijump1"
"8467","7","ace","31/07/15","42.303","canyonjump"
"4885","3","ace","12/09/17","7.015","carmjumpz2"
"8472","7","ace","13/01/16","26.513","carmjumpz5"
"9463","8","ace","30/08/17","7.976","carmjumpz7"
"10449","9","ace","13/11/14","50.124","carmjumpz8"
"4895","3","ace","16/02/16","10.880","carnage_jumps2"
"12428","11","ace","04/05/14","17.488","carnage_jumps4"
"11443","10","ace","01/08/15","7.471","carnage_jumps5"
"5652","4","ace","07/08/15","6.485","carnage_jumps6"
"11447","10","ace","04/06/14","22.476","carnage_jumps9"
"9477","8","ace","12/10/17","20.982","castro3"
"5660","4","ace","29/10/17","13.763","castro4"
"6547","5","ace","27/11/14","46.729","castro_league_1"
"4957","3","ace","06/05/16","21.767","castrocross"
"8492","7","ace","12/04/17","41.076","castrocross2"
"5665","4","ace","11/08/16","42.226","castrocross3"
"21625","1","ace","23/11/17","25.150","castrocrosseat"
"5667","4","ace","17/11/14","34.403","castroeat"
"7524","6","ace","23/08/15","25.288","castroeat4"
"5672","4","ace","09/02/15","103.911","castroenduro1"
"7530","6","ace","26/03/15","45.825","castronew3"
"31384","2","ace","04/12/15","4.770","castrorace"
"31386","2","ace","14/04/17","4.776","castrorace2"
"6566","5","ace","08/08/15","2.992","cat2"
"10482","9","ace","23/03/16","16.534","catmap1"
"5686","4","ace","17/11/16","21.437","cautionjumpz1"
"7539","6","ace","04/11/15","31.774","check9b"
"7540","6","ace","26/02/15","71.431","cheesyjump1"
"9503","8","ace","09/06/15","27.358","chickens"
"9506","8","ace","07/10/14","12.780","chooj_jump5"
"15435","14","ace","15/11/14","67.697","chopper1"
"4997","3","ace","22/05/17","34.558","cityjump1"
"13461","12","ace","15/10/14","1.761","cja"
"11489","10","ace","06/06/15","3.361","cjmps1"
"31423","2","ace","23/11/15","3.201","cjmps3"
"31425","2","ace","14/11/14","157.524","cjumps1"
"5709","4","ace","25/02/15","5.995","ckjump2"
"41005","3","ace","23/01/17","10.041","ckjump3"
"8535","7","ace","25/05/14","32.991","clipzjump1"
"13473","12","ace","09/10/14","53.101","clipzjump5a"
"41013","3","ace","09/02/16","52.982","clipzratrace"
"21714","1","ace","02/09/17","8.180","coantartic1"
"31445","2","ace","26/03/17","3.543","cobra1"
"41019","3","ace","22/05/14","18.865","corejumps2"
"6609","5","ace","19/08/15","30.105","cosjumpz"
"6618","5","ace","25/11/14","53.345","crazy1"
"41024","3","ace","26/10/17","438.412","crazy3"
"16447","15","ace","05/12/14","26.749","crazy5"
"5759","4","ace","21/11/14","32.041","crossrace1"
"12500","11","ace","21/11/14","130.960","csojump_b6"
"31471","2","ace","21/07/15","31.396","d3ljump2a"
"41040","3","ace","02/03/17","54.687","d3ljump4"
"6636","5","ace","09/09/17","27.623","d3ljump5"
"7594","6","ace","27/12/17","12.548","d3ljump6"
"5771","4","ace","23/03/17","48.699","d3ljump6b"
"6639","5","ace","05/01/18","59.667","d3ljump7"
"21758","1","ace","19/10/17","64.903","d3ljump8a"
"11528","10","ace","04/01/15","72.624","d3ljump9"
"9561","8","ace","10/06/15","26.999","dafire2"
"13504","12","ace","15/01/16","6.337","dan_slide"
"5781","4","ace","29/10/14","55.750","danjumps2"
"41053","3","ace","23/10/16","52.896","danjumps5"
"8579","7","ace","17/05/15","8.529","darkjump1"
"13510","12","ace","10/05/14","136.764","ddjump10"
"6654","5","ace","17/08/17","44.231","ddjump12"
"41060","3","ace","26/03/17","41.655","ddjump2a"
"14503","13","ace","04/06/14","66.929","ddjump4"
"8590","7","ace","21/05/14","60.926","ddjump7"
"21799","1","ace","25/09/17","8.564","ddrace"
"11552","10","ace","01/12/15","5.846","ddrace_ice"
"41075","3","ace","25/10/16","51.788","decerjump5"
"9590","8","ace","28/02/16","26.285","decino2box"
"31524","2","ace","12/04/17","133.551","decinojump10"
"10575","9","ace","17/01/15","10.695","decinojump11"
"41081","3","ace","10/02/17","56.079","decinojump12"
"41082","3","ace","19/11/16","3.677","decinojump13"
"13535","12","ace","18/04/15","16.253","decinojump14"
"6681","5","ace","03/12/14","9.889","decinojump15"
"5844","4","ace","01/08/17","10.030","decinojump17"
"8616","7","ace","10/11/16","79.939","decinojump4"
"8617","7","ace","19/05/14","94.896","decinojump5"
"31547","2","ace","28/12/17","46.977","decinojump8"
"21852","1","ace","29/11/16","29.816","demijump"
"8624","7","ace","23/10/15","11.012","demojump1"
"41205","3","ace","21/05/17","9.167","demon_cj"
"6699","5","ace","04/01/16","10.711","denjump"
"21860","1","ace","25/10/16","17.967","denjump2"
"21862","1","ace","11/12/16","5.806","denjump3"
"8631","7","ace","19/09/14","35.024","devilc"
"31571","2","ace","16/10/17","10.716","direkjumps2"
"31574","2","ace","10/06/16","85.755","direkjumps4"
"10609","9","ace","12/05/15","157.111","div1final2014"
"14552","13","ace","08/06/14","27.424","div2_final_2014"
"41225","3","ace","30/11/15","10.079","dj_half_pipe"
"41227","3","ace","17/10/17","9.842","dj_ice_tiers"
"9632","8","ace","18/12/17","623.095","dj_n_kropp_scs1"
"5879","4","ace","26/03/17","19.577","dj_speedway1"
"41232","3","ace","04/09/17","24.366","dj_speedway2"
"12586","11","ace","05/06/14","40.753","dj_speedway3"
"41236","3","ace","18/04/15","36.068","dkor"
"8651","7","ace","23/03/15","47.600","dontfall"
"5887","4","ace","19/10/14","21.955","dope1"
"10624","9","ace","30/10/14","23.821","dope3"
"31600","2","ace","04/09/17","124.339","dopjump"
"6736","5","ace","21/11/14","207.199","dopjump2"
"8658","7","ace","17/04/15","74.312","drachsjump1a"
"5896","4","ace","11/11/17","8.979","drachsjump2b1"
"14570","13","ace","16/03/15","19.902","draxi10"
"9650","8","ace","20/01/15","52.812","draxi2"
"9652","8","ace","16/03/15","32.187","draxi4"
"5903","4","ace","19/10/16","26.814","draxi5"
"7696","6","ace","12/10/17","17.128","draxi8"
"13586","12","ace","14/05/15","15.226","draxi9"
"31622","2","ace","14/09/17","23.283","draxi_run01"
"6752","5","ace","30/03/17","16.767","draxi_run02"
"5909","4","ace","05/08/15","9.865","drdm4"
"21935","1","ace","21/11/14","26.785","dsoq2"
"5939","4","ace","11/04/16","92.270","dungeon"
"14576","13","ace","16/07/15","11.009","dxjump1"
"5941","4","ace","13/11/14","13.344","dxjump2"
"15565","14","ace","19/01/15","6.657","easymap"
"9665","8","ace","25/02/15","17.315","easyrace"
"31637","2","ace","29/08/17","49.168","ecljump1"
"14584","13","ace","14/04/15","208.668","ecljump14"
"5951","4","ace","26/02/18","90.173","ecljump3"
"8686","7","ace","20/02/16","47.833","ecljump6"
"8687","7","ace","18/05/15","23.964","ecljump7"
"5954","4","ace","20/01/16","11.474","ecljump8"
"41287","3","ace","24/04/15","58.652","ecllv2"
"31652","2","ace","26/09/17","87.698","edge_easy"
"10663","9","ace","02/03/16","184.312","edge_medium"
"18529","17","ace","20/10/16","69.488","edge_medium2"
"5965","4","ace","20/10/16","27.888","edge_rocket"
"8701","7","ace","29/09/17","43.742","edvinjump2"
"7735","6","ace","15/10/15","16.483","edvinjump5"
"10672","9","ace","08/08/15","9.539","edvinjump6"
"31675","2","ace","17/10/17","47.624","edvinjump7"
"7739","6","ace","04/10/14","27.132","edvinjump9"
"6795","5","ace","18/10/14","41.147","egyptrace1"
"12640","11","ace","08/05/14","31.645","egyptrace3"
"41318","3","ace","05/12/16","17.981","ejump3"
"5983","4","ace","23/03/15","29.767","eljump1"
"5984","4","ace","25/10/17","4.752","eminencejump"
"9703","8","ace","23/10/14","24.814","enver3"
"22010","1","ace","14/02/17","11.190","epicjump2"
"9706","8","ace","19/01/17","35.914","esjumps2"
"13633","12","ace","07/02/14","21.776","esjumps3"
"41331","3","ace","23/07/15","51.972","esjumps4"
"6818","5","ace","27/10/15","575.530","esughhjumps"
"5995","4","ace","15/07/15","1402.648","eternity"
"6820","5","ace","17/06/15","200.045","eternity01"
"31706","2","ace","21/06/15","221.999","eternity02"
"41338","3","ace","12/10/16","187.435","eternity03"
"6823","5","ace","10/07/15","259.420","eternity04"
"9717","8","ace","10/05/14","30.022","etwjump3b"
"6830","5","ace","19/05/14","41.772","etwjump6a"
"6831","5","ace","18/09/14","253.520","etwjump7"
"31720","2","ace","11/04/16","76.300","everjump2"
"41352","3","ace","23/10/17","115.717","everjump4"
"8749","7","ace","17/11/14","92.380","exjumping"
"31731","2","ace","20/10/16","32.365","exjumping2"
"51022","4","ace","28/10/17","83.395","factory"
"8753","7","ace","31/05/16","29.500","falling"
"9737","8","ace","28/05/14","22.048","fastjump01a"
"7787","6","ace","10/10/14","8.163","fastjump02a"
"9739","8","ace","07/05/14","43.632","fastjump03a"
"41371","3","ace","12/01/17","17.489","fastneasy1"
"7793","6","ace","20/10/15","27.930","fastneasy3"
"7800","6","ace","19/01/15","9.142","fear4"
"7802","6","ace","23/03/15","46.351","fearjumps13"
"9756","8","ace","02/12/14","28.487","fearjumps2"
"13675","12","ace","21/01/15","24.208","finn1"
"31774","2","ace","11/09/17","20.667","firejump1"
"41396","3","ace","11/04/17","88.094","firejump2"
"6880","5","ace","08/02/17","24.972","flunxmap2"
"7820","6","ace","20/01/15","10.337","fly1a"
"6883","5","ace","21/12/15","53.558","fly2"
"8789","7","ace","01/12/15","28.338","flyjumpboy"
"11726","10","ace","25/01/16","45.732","forbiddenjump11"
"6888","5","ace","24/03/16","14.184","forbiddenjump14"
"8793","7","ace","29/11/17","51.475","forbiddenjump15"
"7827","6","ace","21/01/17","36.867","forbiddenjump16"
"6892","5","ace","20/12/15","39.722","forbiddenjump2"
"7830","6","ace","17/01/17","39.899","forbiddenjump21"
"7831","6","ace","20/10/17","28.397","forbiddenjump23"
"8801","7","ace","08/11/15","64.634","forbiddenjump27"
"51080","4","ace","20/12/17","34.081","forbiddenjump7"
"41430","3","ace","29/10/17","382.270","forbiddenjump9"
"9785","8","ace","12/11/14","15.651","forcejump"
"12718","11","ace","03/12/16","36.750","forkjumping"
"51085","4","ace","30/11/16","84.643","fragjump2"
"6907","5","ace","14/06/15","3.376","fragjumpt"
"13697","12","ace","14/01/16","13.007","frogsjumps"
"51090","4","ace","25/04/17","120.484","ft2"
"9793","8","ace","10/05/14","99.456","funjump2"
"51096","4","ace","27/07/15","49.955","funjump6"
"7852","6","ace","23/10/17","101.404","funjump7"
"6925","5","ace","06/04/16","104.433","funkedup"
"7857","6","ace","24/11/16","78.265","g_jump2"
"8829","7","ace","27/05/16","1.373","gay10"
"22596","1","ace","25/04/17","2.185","gay11"
"22598","1","ace","04/12/15","1.444","gay12"
"22604","1","ace","23/09/17","1.575","gay2"
"22608","1","ace","25/11/17","1.676","gay4"
"6943","5","ace","24/06/15","1.360","gay5"
"41480","3","ace","27/01/17","18.694","ghost_race"
"6950","5","ace","18/05/15","100.154","gibbonjump02b"
"7881","6","ace","09/07/17","35.127","gibbonjump04"
"8848","7","ace","04/01/16","36.865","gibbonjump09"
"7885","6","ace","08/06/15","39.454","gj1"
"6964","5","ace","15/10/15","48.223","glockj1"
"6965","5","ace","09/04/15","45.579","glockobj"
"41500","3","ace","10/03/18","6.040","godsquickiebeta"
"8860","7","ace","23/01/17","36.361","gonadz"
"22648","1","ace","15/02/17","11.756","gouki1"
"22650","1","ace","20/05/16","14.312","gouki2"
"7900","6","ace","30/11/15","47.099","gouki4"
"51209","4","ace","10/11/14","16.481","gq1a"
"51211","4","ace","21/11/16","16.741","gq2a"
"51216","4","ace","11/12/16","13.950","grjump1"
"31925","2","ace","20/05/16","43.098","grjump3"
"11808","10","ace","11/01/15","41.636","grjump5"
"51221","4","ace","04/10/17","18.177","grjump6b"
"6989","5","ace","03/08/15","28.943","grjump8"
"10841","9","ace","10/06/15","18.672","gunnajump1"
"6993","5","ace","24/07/15","22.304","gurktest"
"13768","12","ace","04/12/14","26.792","gxjump2"
"41542","3","ace","09/11/16","102.308","gxjump5"
"41545","3","ace","14/08/17","5.887","h4ppyjump2"
"8894","7","ace","24/04/15","3.365","h4ppyjump3"
"9874","8","ace","22/05/14","7.760","h4ppyjump4"
"13777","12","ace","26/08/17","4.633","h4ppyjump5"
"7935","6","ace","21/10/14","16.389","h4ppyjump6"
"41553","3","ace","11/02/16","5.377","h4ppyjump7"
"61008","5","ace","04/05/14","61.386","h4z3_6"
"7940","6","ace","10/03/15","11.454","h4z3s_tryout_map"
"31966","2","ace","15/09/17","33.001","hahn1"
"10861","9","ace","12/08/16","625.012","hall_of_fame"
"51250","4","ace","28/07/15","84.557","hannibal"
"51252","4","ace","16/12/17","39.391","hauntedrace"
"31974","2","ace","18/12/16","5.713","hawkjmp2"
"10867","9","ace","22/07/15","14.914","hbjmp1"
"8912","7","ace","13/03/17","31.587","hbjmp2000"
"51264","4","ace","06/11/17","177.026","hellfire"
"7958","6","ace","14/10/14","12.054","hellfire_13"
"41585","3","ace","16/08/15","17.967","hellfire_15"
"51272","4","ace","31/03/17","17.348","hellfire_16"
"22755","1","ace","10/10/17","11.400","hellfire_17"
"51277","4","ace","24/11/16","21.220","hellfire_20"
"41592","3","ace","23/06/15","36.279","hellfire_21"
"9913","8","ace","28/08/17","33.681","hellfire_26"
"32008","2","ace","28/02/18","84.935","hellfire_28"
"12842","11","ace","27/08/15","32.775","hellfire_29"
"13817","12","ace","23/10/14","14.473","hellfire_3"
"10896","9","ace","10/01/16","23.279","hellfire_32"
"41606","3","ace","20/02/16","43.816","hellfire_33"
"11873","10","ace","30/10/15","14.386","hellfire_37"
"41611","3","ace","14/02/16","51.804","hellfire_38"
"15778","14","ace","27/11/17","51.177","hellfire_39"
"13829","12","ace","06/01/18","272.494","hellfire_40"
"11880","10","ace","10/11/14","95.429","hellfire_43"
"51306","4","ace","28/02/18","27.814","hellfire_47"
"10915","9","ace","31/10/14","18.383","hellfire_49"
"11888","10","ace","27/10/16","209.171","hellfire_50"
"32035","2","ace","25/10/16","35.345","hellfire_52"
"11893","10","ace","08/06/14","49.801","hellfire_56"
"71008","6","ace","28/02/18","27.661","hellfire_59"
"32043","2","ace","24/04/17","10.879","hellfire_6"
"61081","5","ace","10/11/16","126.271","hellfire_61"
"61082","5","ace","23/11/14","168.286","hellfire_62"
"11901","10","ace","28/09/15","11.476","hellfire_64"
"9956","8","ace","28/08/17","27.777","hellfire_66"
"9957","8","ace","26/03/15","8.845","hellfire_68"
"71023","6","ace","26/10/17","23.688","hellfire_9"
"41651","3","ace","20/12/17","36.041","hellrace"
"32060","2","ace","30/11/15","19.611","hilljumps"
"13860","12","ace","20/03/16","6.936","hilly"
"41656","3","ace","09/09/17","3.277","hitjumps"
"14841","13","ace","29/11/14","24.957","hmap1"
"51346","4","ace","29/12/17","5.008","icejump1"
"61127","5","ace","15/02/16","51.437","icemap1a"
"71038","6","ace","29/04/15","30.589","icemap2014"
"71039","6","ace","08/10/14","110.252","icerocketjump"
"9984","8","ace","22/10/15","28.963","icy_jump6"
"61138","5","ace","15/07/15","13.365","ijump1h"
"12914","11","ace","20/10/14","22.087","ijumpz4"
"32088","2","ace","29/09/17","177.036","indorjump6"
"81017","7","ace","09/04/15","49.375","j-arena2"
"41697","3","ace","19/10/15","5.553","jasonjumps2"
"61155","5","ace","25/12/14","13.356","jasonjumps3r"
"81027","7","ace","11/02/17","9.837","jayjump1"
"51382","4","ace","17/04/16","82.755","jblazejmp1"
"41706","3","ace","19/10/16","18.541","jbtujump1"
"71069","6","ace","15/02/17","11.614","jbtujump10"
"71070","6","ace","19/10/16","18.905","jbtujump2"
"13905","12","ace","10/02/15","6.545","jbtujump8"
"32433","2","ace","14/09/17","13.747","jfp"
"71085","6","ace","17/03/15","8.092","jiggajump1"
"22951","1","ace","04/11/16","9.526","jiggajump3c"
"32439","2","ace","10/10/15","8.958","jiggajump5"
"71089","6","ace","05/10/14","10.925","jjump1"
"51406","4","ace","09/10/15","12.864","jjump2"
"91028","8","ace","12/06/15","3.754","jjump3"
"32444","2","ace","05/05/15","3.283","jjump4"
"14896","13","ace","30/11/15","2.233","jjump5"
"91031","8","ace","12/11/14","19.711","jjump8"
"71096","6","ace","30/10/14","14.789","jkid-jmp2"
"101014","9","ace","05/01/18","12.788","jojump"
"11987","10","ace","27/05/16","15.969","jojump12"
"11988","10","ace","21/10/15","9.485","jojump13"
"51424","4","ace","19/01/15","10.271","jojump14"
"41753","3","ace","19/10/17","33.306","jojump16"
"12967","11","ace","15/11/14","18.880","jojump17"
"51432","4","ace","24/11/15","14.330","jojump20"
"32483","2","ace","22/10/17","18.671","jojump22"
"81077","7","ace","13/01/16","37.948","jojump23"
"71123","6","ace","10/11/14","16.046","jojump3"
"23005","1","ace","31/10/17","11.517","jojump5"
"12977","11","ace","10/06/15","14.369","jojump6"
"81085","7","ace","14/10/16","6.266","jq_jumps"
"32501","2","ace","13/10/15","10.263","jump2thesky"
"32504","2","ace","15/09/15","5.686","jump_training"
"14932","13","ace","10/10/14","16.643","jumpclimb2"
"32511","2","ace","27/01/16","6.263","jumpdm1"
"41785","3","ace","17/10/15","8.885","jumpeasy1"
"14935","13","ace","15/10/14","7.014","jumpeasy2"
"41789","3","ace","01/03/17","12.820","jumper"
"61232","5","ace","15/09/17","19.748","jumph1gh2e"
"61234","5","ace","30/11/15","28.516","jumphard1"
"111024","10","ace","14/10/17","10.383","jumphard4"
"41800","3","ace","18/02/16","17.981","jumphard5"
"51469","4","ace","02/12/15","4.095","jumpish11"
"32539","2","ace","24/06/15","7.767","jumpish13"
"51477","4","ace","17/02/16","13.777","jumpish16"
"81116","7","ace","15/02/17","17.308","jumpish18"
"13980","12","ace","18/02/15","12.653","jumpish2"
"51483","4","ace","04/11/15","4.955","jumpish21"
"41822","3","ace","02/12/15","3.782","jumpish23"
"71168","6","ace","14/10/15","15.149","jumpish25"
"71169","6","ace","20/05/16","8.271","jumpish26"
"91102","8","ace","06/12/16","25.759","jumpish27a"
"13988","12","ace","19/01/16","16.541","jumpish28"
"101079","9","ace","21/02/16","8.902","jumpish29"
"101080","9","ace","25/01/16","27.559","jumpish31"
"71175","6","ace","10/02/16","35.595","jumpish34"
"41839","3","ace","04/11/16","17.637","jumpish37"
"61270","5","ace","09/04/17","47.466","jumpish38"
"91112","8","ace","28/10/14","25.783","jumpish4"
"61274","5","ace","23/01/16","13.232","jumpish41"
"51507","4","ace","16/10/17","6.912","jumpish42"
"23066","1","ace","30/11/15","2.215","jumpish7"
"71187","6","ace","23/11/14","12.981","jumpish8"
"61281","5","ace","08/02/17","29.782","jumpit1"
"51514","4","ace","18/10/15","12.781","jumpjail2"
"41858","3","ace","12/06/15","9.636","jumplava2"
"91125","8","ace","21/10/17","9.479","jumprail1"
"61287","5","ace","18/09/17","24.523","jumprail3"
"61289","5","ace","03/04/17","36.708","jumps_clan2"
"81154","7","ace","27/05/16","19.287","jumps_clan_map"
"61291","5","ace","07/11/15","5.583","jumps_tryout"
"16930","15","ace","17/10/14","10.813","jumps_tryouts"
"41873","3","ace","07/03/15","12.420","jumptest"
"131019","12","ace","15/01/15","29.475","jumptest2"
"41876","3","ace","07/10/14","70.773","jumpwar10"
"41879","3","ace","06/11/15","21.349","jumpwar2"
"81168","7","ace","16/10/17","27.964","jumpwar5"
"81169","7","ace","05/04/16","15.659","jumpwar6"
"41885","3","ace","18/01/15","58.499","jumpwar7"
"61311","5","ace","16/12/16","22.977","jupiter"
"81176","7","ace","07/06/15","23.465","jupiter1"
"91153","8","ace","29/06/15","14.160","jupiter2"
"81178","7","ace","03/07/15","37.850","jupiter3"
"91155","8","ace","16/03/18","28.718","jupiter4"
"81180","7","ace","08/08/15","10.719","jupiter5"
"71227","6","ace","12/03/18","5.382","kcjump1"
"81185","7","ace","13/06/15","10.518","keke5"
"41906","3","ace","15/10/17","22.832","keke9"
"41907","3","ace","04/01/17","19.352","kenjump1"
"41908","3","ace","08/02/15","27.934","kenjump2"
"81189","7","ace","09/02/15","24.461","kenpachi"
"61327","5","ace","11/06/15","11.328","kfmap2"
"51566","4","ace","19/11/15","33.896","khainejumps6"
"101150","9","ace","28/10/14","50.599","khainejumps8"
"121092","11","ace","09/06/14","27.831","khanjump"
"41925","3","ace","03/03/15","42.790","killer2"
"101159","9","ace","09/08/15","45.505","kjumps1"
"51578","4","ace","14/08/15","39.000","kjumps2"
"71253","6","ace","11/10/17","176.393","kjumps4"
"41936","3","ace","09/04/16","98.957","kokos1"
"81213","7","ace","09/06/15","27.058","kokos3"
"71259","6","ace","07/09/15","144.567","koldjump1"
"81215","7","ace","30/08/15","82.793","koldjump2"
"81216","7","ace","20/10/16","48.628","konopa10"
"41944","3","ace","23/10/17","47.946","konopa3"
"61360","5","ace","25/02/18","129.093","konopa5"
"91196","8","ace","30/01/16","25.934","konopa7"
"101173","9","ace","17/03/15","13.499","konopa8"
"51600","4","ace","18/10/17","959.366","konopajump2"
"81223","7","ace","12/04/15","16.712","kosmodrom"
"71270","6","ace","18/04/15","21.751","kropp1"
"111155","10","ace","29/08/17","17.297","lasjumps2"
"23840","1","ace","04/08/16","24.524","lazyjump2_test1"
"111160","10","ace","18/12/16","8.061","lcraft"
"51623","4","ace","08/10/14","56.092","ldjump2"
"71292","6","ace","07/12/17","6.615","ldjump3"
"61394","5","ace","04/08/15","7.007","lilredsarcticjumps"
"121143","11","ace","23/03/15","80.795","lilredstallmap"
"91235","8","ace","30/10/15","19.333","lucijump10"
"91236","8","ace","25/01/16","8.782","lucijump11"
"111178","10","ace","15/10/14","9.581","lucijump13"
"71310","6","ace","15/11/15","19.746","lucijump3"
"42004","3","ace","10/04/15","9.501","lucijump5a"
"101219","9","ace","28/10/15","21.535","lucijump6a"
"81269","7","ace","29/07/15","28.469","lucijump7"
"51653","4","ace","07/01/16","16.064","lucimap4"
"32772","2","ace","09/12/16","45.066","luumjump1"
"91249","8","ace","24/04/15","5.522","lvl1"
"61419","5","ace","17/10/15","30.351","madcnt"
"32777","2","ace","22/11/17","13.843","madjumping2"
"32778","2","ace","30/11/17","163.762","madjumping2001"
"23898","1","ace","22/10/15","21.666","madjumping2002"
"61423","5","ace","15/04/15","22.507","madjumping2004_1"
"81279","7","ace","09/05/16","20.061","madjumping2004_2"
"51666","4","ace","02/08/15","12.636","madjumping4"
"23908","1","ace","03/11/17","9.501","madjumping5"
"32790","2","ace","17/04/15","12.987","madjumping6"
"32791","2","ace","27/04/16","16.126","madjumping8"
"61433","5","ace","24/10/17","46.794","mario2"
"51674","4","ace","20/06/15","15.130","masterjumps1"
"32800","2","ace","18/10/15","22.309","maximumred"
"131141","12","ace","11/04/16","6.419","mazemania"
"61445","5","ace","20/12/16","91.219","merc4"
"171014","16","ace","14/02/14","7.488","mf_jump3b"
"101256","9","ace","11/05/16","6.494","minijump"
"32824","2","ace","07/02/17","67.728","miscjmpz1a"
"42050","3","ace","19/04/15","81.606","miscjmpz2a"
"23955","1","ace","14/03/17","15.002","moomap10"
"71358","6","ace","21/11/15","17.801","moomap11"
"131162","12","ace","04/11/14","5.757","moomap14"
"51703","4","ace","08/02/18","58.294","moomap15"
"71364","6","ace","31/07/15","27.212","moomap2"
"32837","2","ace","14/02/17","13.532","moomap3"
"51707","4","ace","14/04/15","86.973","moomap4"
"121203","11","ace","27/10/14","37.635","moomap5"
"23970","1","ace","01/08/15","49.953","moomap8"
"71370","6","ace","08/04/15","82.504","mountainwalk"
"51713","4","ace","28/10/17","38.189","mpjump2"
"121207","11","ace","22/01/16","15.609","mulejumps2"
"61475","5","ace","27/06/16","23.239","mulejumps3"
"32852","2","ace","31/07/15","5.500","mulemap11"
"42075","3","ace","16/06/16","30.811","mulemap14"
"161065","15","ace","22/06/15","29.375","mulemap15"
"51723","4","ace","15/03/18","27.215","mulemap16"
"91305","8","ace","06/01/15","29.065","mulemap18"
"51726","4","ace","18/10/14","22.361","mulemap19"
"71386","6","ace","25/11/14","15.426","mulemap22"
"121219","11","ace","09/11/14","21.304","mulemap23"
"42085","3","ace","06/01/15","8.994","mulemap24"
"91312","8","ace","16/10/14","19.083","mulemap4"
"32877","2","ace","19/11/17","42.446","mulemap8"
"81344","7","ace","15/09/14","29.693","mulemap9"
"42092","3","ace","14/08/15","9.503","mzc1"
"81346","7","ace","10/11/15","9.238","mzc15"
"42094","3","ace","10/10/15","5.979","mzc2complete"
"81348","7","ace","17/03/15","16.949","mzc5"
"51743","4","ace","20/06/15","9.108","mzc_action1"
"42097","3","ace","13/04/15","10.639","n00bjumps"
"32890","2","ace","18/12/16","6.177","nahjump1"
"61503","5","ace","31/05/16","21.093","ned25-jump"
"71405","6","ace","28/10/14","17.418","neox2"
"131198","12","ace","26/08/17","28.707","neox3"
"42310","3","ace","15/11/15","41.385","neox5"
"111269","10","ace","09/02/17","28.713","neox6"
"81360","7","ace","28/06/15","69.744","neox7"
"91334","8","ace","23/10/15","149.801","neox8"
"61512","5","ace","01/03/15","47.387","neox9"
"51758","4","ace","03/04/16","81.489","neox_2_01"
"51761","4","ace","15/02/18","276.357","neox_2_04b"
"24036","1","ace","20/10/17","287.648","neox_2_10"
"61522","5","ace","01/12/15","6.707","nephi1"
"131209","12","ace","14/06/15","4.442","nephi3"
"71425","6","ace","11/08/15","17.808","nephi4"
"24042","1","ace","10/12/16","4.292","nephi5"
"42335","3","ace","14/02/16","19.687","nephi6"
"51777","4","ace","24/11/15","12.387","neur0jumps3"
"51778","4","ace","12/09/17","57.750","neur0jumps4"
"71433","6","ace","09/11/15","5.241","newbjumpin2"
"101328","9","ace","08/12/14","21.238","newbsjump"
"101330","9","ace","30/10/14","7.442","newdm17"
"81389","7","ace","30/07/15","10.506","ngqjmp3"
"61541","5","ace","19/10/14","17.269","ngqjump1"
"42354","3","ace","23/10/16","11.882","njump1a2"
"42355","3","ace","16/10/17","12.840","njump1l33t"
"111299","10","ace","06/12/16","7.281","njump2l33t"
"131232","12","ace","20/02/16","5.600","noname"
"81399","7","ace","09/08/16","35.074","novajump1"
"32965","2","ace","31/12/15","24.263","novajump2"
"32966","2","ace","08/09/17","10.830","novajump3"
"61555","5","ace","07/10/16","153.191","nwjump"
"81405","7","ace","02/02/17","96.663","omegajumps1"
"51808","4","ace","05/04/17","35.708","omegarace_01"
"61558","5","ace","28/06/15","17.966","omegarace_02"
"51811","4","ace","03/11/15","13.970","omegarace_03"
"71460","6","ace","04/02/17","47.481","omegarace_04"
"101353","9","ace","03/11/14","7.305","omegarace_05"
"81411","7","ace","17/05/15","22.099","omegarace_06"
"111317","10","ace","13/07/14","81.677","ordeerace1"
"42390","3","ace","08/10/14","40.738","owner5"
"51821","4","ace","27/07/15","28.721","owner7"
"61571","5","ace","09/09/17","38.224","pauljumps1"
"61573","5","ace","10/03/15","89.928","phxjump"
"111321","10","ace","24/03/16","7.041","phxjump11"
"71476","6","ace","05/11/14","21.608","phxjump12"
"51830","4","ace","30/11/15","15.293","phxjump13"
"81425","7","ace","04/05/15","13.275","phxjump14"
"61584","5","ace","21/01/16","20.540","phxjump23"
"42412","3","ace","27/10/15","80.644","phxjump24"
"61588","5","ace","22/12/15","15.932","phxjump27"
"71501","6","ace","10/02/17","29.853","phxjump39"
"61604","5","ace","26/04/17","117.321","phxjump41"
"81452","7","ace","26/02/18","116.106","phxjump42"
"101390","9","ace","21/11/14","6.644","phxjump43"
"51865","4","ace","26/03/17","57.539","phxjump5"
"61615","5","ace","11/06/15","17.451","phxjump54"
"61616","5","ace","03/11/16","70.913","phxjump55"
"61618","5","ace","06/01/15","14.146","phxjump6"
"51877","4","ace","03/05/15","8.241","phxnoob4"
"24917","1","ace","26/10/17","3.718","pimp1"
"101410","9","ace","06/02/15","2.628","pimp10"
"42460","3","ace","07/03/15","4.019","pimp2"
"61628","5","ace","28/01/16","3.829","pimp3"
"24925","1","ace","25/04/17","4.009","pimp4"
"42466","3","ace","09/09/17","3.168","pimp5"
"51888","4","ace","28/02/16","4.396","pimp6"
"131303","12","ace","22/01/16","3.179","pimp7"
"24933","1","ace","04/12/15","3.109","pimp8"
"101426","9","ace","30/05/14","27.583","pingujumpz1"
"51901","4","ace","24/06/15","13.472","piratejump"
"51903","4","ace","06/12/15","7.157","pjump1"
"33075","2","ace","15/11/14","3.837","platoj5"
"71548","6","ace","14/12/16","21.467","play1"
"51912","4","ace","25/12/17","21.127","play13"
"71553","6","ace","28/11/15","27.455","play14"
"101439","9","ace","18/06/15","16.066","play16"
"81507","7","ace","16/12/16","26.440","play4"
"91478","8","ace","03/11/14","56.019","play5_2"
"101448","9","ace","22/10/14","18.471","play7"
"33094","2","ace","29/03/17","53.958","play8"
"71566","6","ace","19/04/15","36.231","play9"
"141305","13","ace","18/12/16","16.801","playjump1"
"42522","3","ace","21/04/16","65.178","podjump"
"42524","3","ace","05/07/15","12.765","poejump1"
"71574","6","ace","12/08/17","149.841","poojumplv6"
"181155","17","ace","14/04/15","37.724","popsjmp10"
"131349","12","ace","09/05/14","21.695","popsjmp16"
"61684","5","ace","15/08/17","14.886","popsjmp17"
"121394","11","ace","24/08/17","13.213","popsjmp18a"
"101468","9","ace","05/11/15","15.868","popsjmp20"
"42542","3","ace","15/09/15","55.087","popsjmp3"
"71591","6","ace","21/02/16","5.755","popsjmp7"
"151291","14","ace","10/02/15","29.557","popsjumpin13"
"81545","7","ace","25/03/16","17.545","popsjumpin14"
"121408","11","ace","25/10/16","15.798","popsjumpin18"
"81550","7","ace","08/10/15","62.502","popsjumpin19"
"51972","4","ace","18/02/16","53.217","popsjumpin20"
"131368","12","ace","19/05/14","46.595","popsjumpin24"
"51978","4","ace","12/09/17","17.272","popsjumpin27"
"181178","17","ace","06/07/15","62.913","popsjumpin3"
"71615","6","ace","05/02/16","25.444","popsjumpin30"
"121421","11","ace","27/12/16","10.775","popsjumpin32"
"25060","1","ace","18/09/17","25.785","popsjumpin7"
"61729","5","ace","03/11/17","45.054","popsjumpin8"
"81573","7","ace","14/01/16","75.156","popsjumpin9"
"91544","8","ace","19/11/15","21.534","popsrace1"
"61732","5","ace","10/02/17","27.901","popsrace2"
"81578","7","ace","22/10/17","42.453","popsrace5"
"91552","8","ace","01/08/17","10.109","pprace"
"111471","10","ace","12/05/15","5.731","pprace_ice"
"91555","8","ace","25/05/14","17.173","prit_holyjump2"
"61745","5","ace","13/11/17","15.698","ps"
"111475","10","ace","12/11/17","19.417","ps2"
"52014","4","ace","27/10/17","28.454","ps5e"
"111479","10","ace","22/05/14","67.440","q2ctf2_race"
"121448","11","ace","07/02/14","76.176","q2dm1_huge_race"
"61758","5","ace","06/04/15","39.401","q2shi7"
"33693","2","ace","13/06/15","9.275","qdtjump1"
"52032","4","ace","28/12/15","31.430","quazjump4"
"81612","7","ace","03/11/17","7.178","quickjumpz4"
"81614","7","ace","13/04/16","4.146","quickjumpz6"
"61775","5","ace","15/02/17","8.109","quickjumpz8"
"42645","3","ace","03/11/15","13.483","qw_r_j1"
"61777","5","ace","18/10/15","10.273","qwerty1"
"33716","2","ace","16/10/14","30.597","qwerty3"
"111505","10","ace","30/10/14","6.036","qwestjump1"
"42654","3","ace","02/09/17","12.121","qwestjump3"
"52049","4","ace","23/10/15","9.708","qwestjump4"
"71678","6","ace","07/04/15","10.671","qwestjump5"
"42661","3","ace","22/11/14","36.366","r3_dj"
"61791","5","ace","02/11/16","6.519","r3_j3"
"81633","7","ace","02/03/18","4.399","r3_race"
"81634","7","ace","18/02/16","9.543","rajm1"
"71690","6","ace","08/04/17","11.083","rajm3"
"61797","5","ace","14/02/17","28.103","rajm4"
"42680","3","ace","29/12/17","20.052","ramap7"
"91612","8","ace","21/04/15","33.048","ramap9"
"141416","13","ace","11/03/17","16.365","ramps"
"52075","4","ace","20/01/17","28.737","rampspy"
"52076","4","ace","01/12/15","2.253","ramptest1"
"71706","6","ace","05/11/15","7.374","rare_j_2"
"42693","3","ace","24/10/15","4.566","rare_trick"
"71710","6","ace","04/04/16","30.086","rareclipzjump2"
"33777","2","ace","02/08/15","174.149","rareclipzjump4"
"121514","11","ace","19/10/14","13.076","rbjump1"
"61832","5","ace","03/08/15","34.868","rcjump1"
"91641","8","ace","08/10/15","39.320","redjump2"
"26024","1","ace","22/11/16","22.681","rekhanjump1"
"42728","3","ace","13/06/15","5.726","retractjump3"
"61849","5","ace","19/05/17","17.442","retractjump4"
"26032","1","ace","26/06/15","10.881","retractramp"
"111577","10","ace","08/11/14","37.508","rjump3"
"71750","6","ace","02/09/16","56.729","rjump4"
"52231","4","ace","18/09/17","118.156","rjump6"
"71754","6","ace","27/01/16","42.202","rjump9beta"
"33835","2","ace","21/08/17","16.846","rvnxdm7"
"131502","12","ace","19/05/14","215.239","sabrespookjump1"
"52241","4","ace","12/04/16","222.756","sabrespookjump2"
"111590","10","ace","10/09/14","5.111","secondz2"
"42760","3","ace","24/06/15","4.971","secondz4"
"101639","9","ace","18/10/15","7.307","secondz5"
"52252","4","ace","20/02/16","3.596","secondz6"
"141472","13","ace","09/06/15","5.843","secondz7"
"121559","11","ace","14/01/16","6.393","secondz8"
"42768","3","ace","08/11/15","10.617","segajump1"
"101645","9","ace","06/06/15","17.320","servermap1"
"26066","1","ace","08/02/15","4.387","servermap3"
"52263","4","ace","31/03/17","6.927","servermap4"
"26068","1","ace","01/04/17","4.353","servermap5"
"26069","1","ace","31/03/17","5.664","servermap6"
"52269","4","ace","07/10/14","7.667","servermap7"
"111606","10","ace","24/01/15","15.105","servermap8"
"131523","12","ace","25/05/14","45.095","sewurjumpz"
"52273","4","ace","25/08/17","13.652","sgm"
"52274","4","ace","22/09/17","13.308","shadow1"
"42790","3","ace","14/12/16","14.810","shais_jump2"
"191259","18","ace","27/06/15","42.175","shais_jump3"
"61906","5","ace","27/05/17","35.588","shoppingvally"
"61912","5","ace","13/08/15","15.565","sjump1"
"91708","8","ace","01/12/15","5.862","sk3lsjump1"
"111623","10","ace","14/04/15","18.910","sk3lsjump10"
"52293","4","ace","18/02/16","30.095","sk3lsjump11"
"61918","5","ace","05/06/14","64.823","sk3lsjump12"
"101672","9","ace","14/11/16","54.936","sk3lsjump13"
"42811","3","ace","28/11/15","30.650","sk3lsjump14"
"52299","4","ace","19/09/17","23.721","sk3lsjump17"
"91717","8","ace","18/09/17","30.468","sk3lsjump18"
"161415","15","ace","22/05/14","87.280","sk3lsjump2"
"42818","3","ace","11/12/14","27.495","sk3lsjump20"
"33916","2","ace","13/02/17","21.319","sk3lsjump22"
"26963","1","ace","02/05/17","66.299","sk3lsjump24"
"61935","5","ace","03/04/16","33.765","sk3lsjump29"
"61936","5","ace","04/04/16","12.875","sk3lsjump3"
"91730","8","ace","08/11/14","24.422","sk3lsjump30"
"52317","4","ace","31/10/16","67.967","sk3lsjump33"
"52321","4","ace","08/10/14","29.627","sk3lsjump37"
"42838","3","ace","27/05/16","104.158","sk3lsjump38"
"81774","7","ace","18/02/15","9.009","sk3lsjump4"
"42841","3","ace","15/07/16","69.898","sk3lsjump40"
"26989","1","ace","18/08/15","57.514","sk3lsjump41"
"33943","2","ace","06/02/17","177.982","sk3lsjump42"
"71836","6","ace","09/03/15","165.816","sk3lsjump45"
"61953","5","ace","04/11/16","85.658","sk3lsjump46"
"91744","8","ace","27/11/15","31.592","sk3lsjump47"
"81782","7","ace","08/04/17","28.385","sk3lsjump48"
"81783","7","ace","14/11/14","195.817","sk3lsjump49"
"42850","3","ace","04/04/16","12.891","sk3lsjump5"
"71842","6","ace","04/04/16","5.691","sk3lsjump6"
"161436","15","ace","17/11/14","9.184","sk3lsjump8"
"61961","5","ace","10/02/15","5.384","sk3lsjump9"
"71846","6","ace","29/08/17","97.937","sk3lslongjump1"
"81792","7","ace","13/05/15","16.365","sk8_jump5"
"33965","2","ace","04/03/18","11.668","skateandjump"
"27010","1","ace","14/04/17","3.590","skatejumps"
"42866","3","ace","11/05/16","9.840","skilljumpz2"
"101720","9","ace","11/06/15","4.720","skippingstones"
"61975","5","ace","17/01/16","20.987","slipknotjump"
"61977","5","ace","11/01/15","9.621","slipmap11"
"42880","3","ace","05/02/16","44.290","slipmap12"
"141553","13","ace","11/10/14","21.391","slipmap14a"
"27024","1","ace","11/05/16","9.884","slipmap15"
"71867","6","ace","11/01/15","9.450","slipmap17"
"42888","3","ace","07/04/15","33.348","slipmap18"
"81812","7","ace","16/02/16","3.992","slipmap19b"
"33997","2","ace","18/10/17","22.895","slipmap2"
"91776","8","ace","28/06/17","110.262","slipmap20"
"61991","5","ace","13/09/17","46.098","slipmap21"
"34003","2","ace","20/02/16","10.010","slipmap26"
"111693","10","ace","20/05/14","50.034","slipmap27b"
"27038","1","ace","16/05/17","27.214","slipmap29"
"42903","3","ace","02/11/16","161.107","slipmap32"
"81824","7","ace","10/01/15","10.028","slipmap33"
"52386","4","ace","23/11/17","17.690","slipmap34"
"91788","8","ace","05/12/17","31.118","slipmap36"
"191324","18","ace","11/12/14","23.567","slipmap37"
"101748","9","ace","17/10/14","52.190","slipmap38"
"171424","16","ace","09/02/15","24.632","slipmap39"
"52392","4","ace","14/11/14","21.821","slipmap3a"
"81832","7","ace","26/10/16","29.444","slipmap40"
"141576","13","ace","09/02/15","24.098","slipmap41"
"81834","7","ace","09/12/16","87.759","slipmap43"
"52398","4","ace","26/10/16","89.406","slipmap44"
"71892","6","ace","09/02/17","21.263","slipmap45"
"111708","10","ace","14/09/17","16.736","slipmap46b"
"81837","7","ace","09/10/15","20.629","slipmap47"
"81840","7","ace","15/12/17","29.067","slipmap6"
"27061","1","ace","19/09/17","13.993","slipmap7a"
"52406","4","ace","23/11/15","13.186","slipmap8"
"121676","11","ace","07/02/14","51.537","slipmap9b"
"52409","4","ace","20/11/16","43.505","slowjump1"
"81849","7","ace","01/12/17","30.727","slyskyjump"
"101770","9","ace","03/02/14","24.974","smalljumpin"
"27079","1","ace","06/11/15","2.540","smaug4"
"27081","1","ace","01/10/17","18.155","smaug6"
"62038","5","ace","05/07/17","12.604","smaug8"
"101785","9","ace","30/05/14","53.354","snakej7"
"27090","1","ace","16/12/16","13.359","snakej9a"
"52437","4","ace","17/05/15","12.024","snakerace1edit"
"62051","5","ace","28/11/15","24.241","sonicjump"
"81876","7","ace","21/11/16","31.771","sonicjump5"
"27973","1","ace","29/12/16","60.272","sonicjump9"
"81879","7","ace","23/11/16","35.642","souljumps"
"131654","12","ace","10/08/15","64.666","spec2tjm1"
"42980","3","ace","27/06/16","59.985","speed"
"111751","10","ace","31/10/15","22.240","spiderjump2"
"71944","6","ace","01/04/17","24.034","spjump10"
"42991","3","ace","08/04/17","12.906","spjump17"
"62073","5","ace","09/11/17","9.813","spjump18"
"81900","7","ace","19/04/15","40.043","spjump24"
"191373","18","ace","06/06/14","55.491","spjump26"
"62084","5","ace","09/02/16","94.790","spjump28"
"81907","7","ace","31/01/17","31.400","spjump30"
"43009","3","ace","10/12/16","20.027","spjump31a"
"62089","5","ace","12/12/16","60.219","spjump32b"
"52481","4","ace","06/07/15","78.328","spjump34"
"81915","7","ace","21/04/15","12.008","spjump6"
"91877","8","ace","06/01/15","36.449","spjump7"
"81917","7","ace","17/04/15","9.248","spjump8"
"81921","7","ace","14/10/15","5.195","splashjumps3"
"52495","4","ace","13/02/16","3.674","spskate1"
"52497","4","ace","09/09/17","3.308","spskate2"
"62146","5","ace","03/05/15","2.189","spskate3"
"28032","1","ace","19/05/17","4.088","spydajump1"
"71991","6","ace","10/02/15","5.570","spylevel1"
"62158","5","ace","07/02/17","21.365","spyskip1"
"91900","8","ace","30/07/16","13.176","spyskip3"
"43045","3","ace","25/02/16","31.194","spytrick1"
"43046","3","ace","11/02/16","16.535","spytrick2"
"34716","2","ace","15/08/17","3.636","spyzjump1"
"28051","1","ace","17/10/17","17.627","spyzjump10"
"62168","5","ace","29/11/16","63.772","spyzjump16"
"43051","3","ace","25/10/17","6.634","spyzjump2"
"81950","7","ace","25/08/17","7.209","spyzjump3"
"62171","5","ace","02/05/17","7.337","spyzjump4"
"81954","7","ace","14/03/15","8.486","spyzjump7"
"91915","8","ace","02/10/15","5.984","spyzjump8"
"72017","6","ace","19/09/17","27.878","sspeedmap1"
"62179","5","ace","29/11/16","38.105","st0k3djump1"
"62180","5","ace","02/11/15","15.928","st0rm1"
"111827","10","ace","17/11/14","21.038","st0rm2"
"121785","11","ace","16/02/16","13.920","stiffjump1"
"52541","4","ace","26/03/17","10.826","stiffjump3"
"101883","9","ace","12/02/18","9.219","stiffjump4"
"62190","5","ace","30/03/16","34.262","stilljump1"
"34757","2","ace","16/09/17","69.976","stormjump2"
"121791","11","ace","01/04/16","86.614","stormjump3"
"43077","3","ace","03/06/17","11.606","strafejumping"
"91937","8","ace","19/12/17","9.657","strrace"
"121797","11","ace","13/08/15","5.199","strramps"
"52554","4","ace","13/03/15","32.943","stubbsyjump1"
"101894","9","ace","03/11/14","35.167","stubbsyjump10"
"62202","5","ace","18/08/15","193.804","stubbsyjump11"
"81985","7","ace","26/08/15","58.666","stubbsyjump15"
"52563","4","ace","14/10/16","63.079","stubbsyjump18"
"62210","5","ace","14/10/16","64.684","stubbsyjump19"
"43093","3","ace","13/06/15","38.695","stubbsyjump2"
"62212","5","ace","27/03/16","59.498","stubbsyjump20"
"52567","4","ace","20/06/14","69.153","stubbsyjump21"
"151669","14","ace","15/10/16","64.244","stubbsyjump22"
"43097","3","ace","30/08/17","32.393","stubbsyjump23"
"81994","7","ace","05/04/16","47.460","stubbsyjump24"
"151673","14","ace","13/04/15","163.728","stubbsyjump26"
"52573","4","ace","18/10/15","127.683","stubbsyjump27"
"62220","5","ace","14/04/17","46.994","stubbsyjump28"
"121819","11","ace","13/06/15","36.292","stubbsyjump3"
"101915","9","ace","28/11/16","233.532","stubbsyjump30"
"62226","5","ace","13/06/15","564.211","stubbsyjump34"
"34807","2","ace","19/03/16","388.762","stubbsyjump35"
"52583","4","ace","23/03/17","305.222","stubbsyjump37"
"62230","5","ace","05/08/15","801.897","stubbsyjump39"
"62231","5","ace","24/06/15","54.179","stubbsyjump4"
"91966","8","ace","31/07/15","782.203","stubbsyjump40"
"62234","5","ace","02/11/15","1171.561","stubbsyjump42"
"52593","4","ace","19/10/15","18.672","stubbsyjump6"
"62240","5","ace","20/02/16","35.957","stubbsyjump8"
"52597","4","ace","31/03/17","50.982","stubbsyjumpvendm2"
"82020","7","ace","05/12/16","27.568","talljump3"
"101931","9","ace","12/03/15","17.163","talljump4"
"72087","6","ace","22/04/15","21.170","tehgrassrace"
"91984","8","ace","27/05/16","23.816","tehhaunted"
"43454","3","ace","24/11/15","9.771","tehjump5"
"62259","5","ace","26/11/16","32.811","tehjump7"
"43461","3","ace","09/12/15","4.335","test0rv0.5"
"43464","3","ace","07/05/17","34.160","tgajump1"
"34856","2","ace","16/12/15","8.362","tgajump3"
"72115","6","ace","26/09/17","32.417","theepicrace"
"34871","2","ace","13/10/15","2.455","thejump"
"82049","7","ace","06/11/14","25.640","thenewcastro1"
"62281","5","ace","16/03/18","10.176","therails"
"43485","3","ace","12/09/17","16.274","thestruggleh"
"121863","11","ace","05/11/17","17.121","thewill1"
"62284","5","ace","17/04/15","136.387","thewill10"
"92011","8","ace","14/01/16","14.757","thewill11"
"101965","9","ace","29/10/14","5.053","thewill13"
"34889","2","ace","27/10/17","38.658","thewill15"
"92016","8","ace","19/04/15","20.225","thewill17"
"29065","1","ace","20/11/17","4.884","thewill18"
"43497","3","ace","07/02/17","26.193","thewill19"
"111920","10","ace","23/12/15","31.756","thewill2"
"82063","7","ace","02/12/15","12.132","thewill20"
"72134","6","ace","20/05/16","14.944","thewill21"
"29072","1","ace","25/11/17","24.897","thewill24"
"52664","4","ace","10/10/15","6.231","thewill27"
"82072","7","ace","01/01/15","18.134","thewill3"
"141782","13","ace","24/04/17","22.485","thewill32"
"34918","2","ace","14/11/17","9.421","thewill33"
"34920","2","ace","25/10/17","178.852","thewill34"
"101985","9","ace","05/04/16","28.928","thewill35"
"92036","8","ace","05/09/15","19.811","thewill37"
"62313","5","ace","17/12/16","24.233","thewill38"
"131837","12","ace","25/11/15","4.545","thewill39"
"92039","8","ace","02/05/15","36.844","thewill4"
"43531","3","ace","22/10/14","67.504","thewill40"
"101993","9","ace","19/01/15","13.686","thewill42"
"111942","10","ace","12/10/15","27.085","thewill44"
"43537","3","ace","22/09/17","149.473","thewill45"
"62322","5","ace","24/07/15","14.842","thewill46"
"72160","6","ace","30/09/17","69.091","thewill47"
"43545","3","ace","27/02/16","43.131","thewill51"
"62328","5","ace","02/12/15","6.684","thewill52"
"62329","5","ace","03/04/16","22.963","thewill53"
"34952","2","ace","05/02/17","8.673","thewill56"
"34958","2","ace","22/08/17","18.888","thewill6"
"62337","5","ace","18/10/15","4.448","thewill61"
"102011","9","ace","21/01/17","35.873","thewill64"
"52709","4","ace","31/08/16","8.342","thewill66"
"92063","8","ace","15/09/15","40.209","thewill67"
"52711","4","ace","17/02/16","9.973","thewill68"
"210006","1","ace","01/12/15","4.379","thewill9"
"111967","10","ace","29/10/15","11.278","tjumps1"
"62353","5","ace","31/03/17","13.212","tjumps2"
"111969","10","ace","07/03/15","13.231","tjumps3"
"43581","3","ace","22/04/16","27.098","tonyscage"
"34988","2","ace","26/08/17","20.857","tonysindustry"
"34998","2","ace","19/01/16","28.788","towercrates"
"52736","4","ace","21/10/15","8.172","toxicjump"
"43604","3","ace","06/07/15","35.746","triggz-jump18"
"72214","6","ace","30/03/17","38.639","triggz-jump2"
"52752","4","ace","25/11/17","10.774","triggz-jump3"
"52755","4","ace","23/08/15","25.479","triggz-jump6"
"210046","1","ace","08/02/15","5.517","triggz-jump9"
"72228","6","ace","08/09/17","9.562","tritontryout2"
"121962","11","ace","03/07/15","15.219","tw2"
"62408","5","ace","30/12/17","57.406","ughhjumps2"
"52780","4","ace","15/10/15","44.489","ughhjumps3"
"82168","7","ace","26/02/15","15.893","untruejump1"
"82169","7","ace","12/05/14","3.536","uraniumlv1"
"52785","4","ace","06/01/18","9.776","uranjump11"
"72249","6","ace","14/11/16","59.117","uranjump12"
"131917","12","ace","22/02/18","82.031","uranjump14"
"92133","8","ace","10/11/14","12.959","uranjump2"
"102083","9","ace","10/10/15","4.804","uranjump3"
"102089","9","ace","28/10/14","15.268","uranramps"
"43660","3","ace","03/04/16","26.820","uzijump1"
"92142","8","ace","24/06/15","8.593","uzijump3a"
"43662","3","ace","07/01/16","82.492","vjjump3"
"72269","6","ace","04/01/15","29.368","void4"
"72271","6","ace","20/06/15","40.616","void6"
"35077","2","ace","15/05/15","7.798","wauwau10"
"102101","9","ace","11/05/16","11.045","wauwau3"
"62440","5","ace","07/09/15","25.936","wcjmp1"
"112048","10","ace","22/10/15","32.473","weedsjump2"
"72281","6","ace","05/01/18","29.206","weedsjump3"
"141889","13","ace","05/05/15","17.616","weedsjump5"
"62450","5","ace","17/12/16","7.634","whosh"
"52827","4","ace","13/11/17","6.474","winjump1"
"62453","5","ace","31/12/15","18.629","winjump4"
"35718","2","ace","02/11/16","33.222","wtf"
"102129","9","ace","09/09/15","6.486","ww1"
"72303","6","ace","04/05/15","175.973","ww2"
"62470","5","ace","03/11/15","40.739","x-jump1"
"35727","2","ace","3/19/15","11.477","xcjump1"
"43715","3","ace","26/03/17","61.144","xjump1"
"112079","10","ace","11/04/15","38.231","xq1"
"131967","12","ace","09/05/14","60.130","xqadren"
"112083","10","ace","06/11/14","13.960","xqcrap3"
"92195","8","ace","22/07/15","6.852","xqcrap4"
"35744","2","ace","29/09/15","10.840","xqcrap5"
"82244","7","ace","26/03/15","49.555","xqicedom"
"35752","2","ace","10/02/17","2.744","xqjump12"
"82251","7","ace","28/08/17","30.982","xqjump15"
"35761","2","ace","20/11/16","24.867","xqjump18"
"82255","7","ace","15/10/15","43.786","xqjump19"
"43745","3","ace","22/07/15","31.205","xqjump20"
"62501","5","ace","08/04/15","5.445","xqjump21"
"62503","5","ace","14/04/15","5.642","xqjump23"
"72339","6","ace","08/10/14","12.534","xqjump25"
"62506","5","ace","24/04/17","14.289","xqjump26"
"92218","8","ace","15/10/14","91.632","xqjump27"
"43755","3","ace","01/11/15","13.239","xqjump28"
"35779","2","ace","26/08/17","32.558","xqjump29"
"92221","8","ace","07/01/15","20.983","xqjump3"
"210176","1","ace","10/06/15","4.294","xqjump32"
"62518","5","ace","23/12/16","21.802","xqjump36"
"62521","5","ace","27/05/16","27.739","xqjump38"
"72355","6","ace","31/05/16","16.692","xqjump4"
"62524","5","ace","20/11/17","4.176","xqjump40"
"82280","7","ace","04/05/15","35.627","xqjump41"
"112123","10","ace","16/10/14","71.527","xqjump42"
"132010","12","ace","04/01/15","84.861","xqjump43"
"43781","3","ace","17/12/16","6.144","xqjump45"
"102189","9","ace","08/10/15","7.650","xqjump47"
"82287","7","ace","10/07/15","85.498","xqjump48"
"35828","2","ace","03/11/16","10.758","xqjump8"
"72376","6","ace","30/12/17","8.794","xqnewb1"
"43799","3","ace","08/08/15","14.618","xqnewb2"
"102204","9","ace","06/01/15","10.289","xqnewb3"
"92256","8","ace","23/01/16","12.608","xqnewb4"
"112146","10","ace","21/10/14","13.502","xqnewb6"
"82306","7","ace","04/04/16","14.721","xqnewb8"
"62555","5","ace","17/12/16","34.174","xqracing"
"72387","6","ace","01/11/16","23.567","xspawnjump_2"
"35853","2","ace","03/04/16","43.044","xysanttreehouse"
"35854","2","ace","24/11/15","6.463","xyzjump1"
"52952","4","ace","24/03/16","18.634","zfm_jump"
"72397","6","ace","16/02/18","22.053","ziolojumps10"
"62570","5","ace","12/11/17","24.113","ziolojumps5"
"43829","3","ace","15/07/15","55.044","ziolojumps8"
"62575","5","ace","16/10/15","38.399","zmanjump2"
"82330","7","ace","05/02/16","10.070","sgm2"
"43837","3","ace","01/09/17","14.430","sgm3"
"52967","4","ace","03/08/16","190.693","acejumps17"
"43839","3","ace","14/08/15","47.405","iceicebaby"
"35882","2","ace","05/02/16","19.742","iceicebaby2"
"112175","10","ace","13/08/15","20.942","mzc3"
"52971","4","ace","19/10/15","21.592","mzc4"
"52972","4","ace","21/09/17","10.362","mzc6"
"43845","3","ace","19/01/16","21.785","mzc7"
"82338","7","ace","03/11/15","8.776","mzc9"
"52975","4","ace","12/08/15","17.462","mzc10"
"52976","4","ace","18/02/18","30.406","cube1"
"62590","5","ace","23/08/15","37.480","theepicrace2"
"52980","4","ace","16/02/18","54.017","nubjumps1"
"82344","7","ace","30/11/16","17.015","nubrace1"
"92299","8","ace","20/09/15","19.775","jupiter6"
"72425","6","ace","28/09/15","82.477","kickassmzc"
"82347","7","ace","30/09/15","17.781","layers01"
"43858","3","ace","02/10/15","31.622","layers02"
"112188","10","ace","09/10/15","30.629","layers03"
"82349","7","ace","21/10/15","38.159","jupiter7"
"62601","5","ace","21/10/15","19.305","layers04"
"52989","4","ace","26/10/15","208.885","rapture01"
"82352","7","ace","31/10/15","42.254","relentless"
"52991","4","ace","02/11/15","143.968","rapture02"
"102256","9","ace","05/11/15","16.233","q2jt15_tigers"
"82355","7","ace","07/11/15","20.785","q2jt15_lions"
"92310","8","ace","11/11/15","30.805","n00bz0r-01"
"92311","8","ace","12/11/15","19.159","q2jt15_cheetahs"
"72438","6","ace","10/03/18","23.490","q2jt15_rabbits"
"52997","4","ace","14/11/15","24.574","bw5"
"92314","8","ace","16/11/15","40.620","n00bz0r-02"
"72441","6","ace","17/11/15","28.136","layers05"
"43873","3","ace","15/02/18","28.817","n00bz0r-03"
"53001","4","ace","26/11/15","18.481","duelingtowers"
"210275","1","ace","05/12/15","32.725","acejumps18"
"92319","8","ace","08/12/15","36.649","acejumps19"
"72446","6","ace","14/01/16","181.376","n00bz0r-04a"
"72447","6","ace","24/12/15","14.394","antioch"
"62619","5","ace","30/12/15","9.479","wobluda_fix"
"102269","9","ace","04/01/16","15.566","adrenjumps49"
"72451","6","ace","06/01/16","37.747","sgm5"
"35931","2","ace","06/01/16","304.485","acejumps21"
"53011","4","ace","10/01/16","28.593","n00bz0r-05"
"53012","4","ace","12/01/16","34.884","adrenjumps50"
"53013","4","ace","27/03/17","47.604","stonerjumps1"
"82376","7","ace","18/01/16","24.782","kr3w-1"
"53015","4","ace","13/12/17","58.750","stonerjumps2"
"72458","6","ace","27/08/17","29.214","0wnz4"
"35938","2","ace","10/12/16","65.203","stonerjumps3"
"72460","6","ace","25/01/16","24.419","0wnz5"
"43893","3","ace","26/01/16","101.737","stonerjumps4"
"53020","4","ace","05/02/16","60.057","acejumps22"
"92337","8","ace","30/01/16","16.189","0wnz6"
"92338","8","ace","04/02/16","30.062","adrenjumps51"
"92339","8","ace","04/02/16","24.994","acejumps23"
"92340","8","ace","05/02/16","27.954","stonerjumps5"
"142049","13","ace","10/02/16","40.412","acejumps24"
"53026","4","ace","12/02/16","116.052","stonerjumps6"
"62640","5","ace","08/02/18","20.948","0wnz7"
"35950","2","ace","16/02/16","90.415","stonerjumps7"
"72471","6","ace","19/02/16","86.484","stonerjumps8"
"62644","5","ace","25/02/16","44.931","stonerjumps9"
"62645","5","ace","28/02/16","27.263","layers06"
"43907","3","ace","26/02/16","85.726","stonerjumps10"
"102295","9","ace","27/02/16","24.928","sem1"
"102296","9","ace","03/04/16","37.483","stonerjumps11"
"43910","3","ace","15/03/16","77.441","stonerjumps12"
"62650","5","ace","20/03/16","49.764","stonerjumps13"
"43912","3","ace","23/03/16","392.734","acejumps25"
"35961","2","ace","08/04/16","70.859","acejumps26"
"43914","3","ace","10/04/16","170.089","hangtime2-2"
"43915","3","ace","25/04/16","214.583","acejumps27"
"35964","2","ace","29/05/16","19.758","fly2_ice"
"72485","6","ace","25/02/18","55.418","acejumps29"
"53044","4","ace","18/07/16","27.148","acejumps30"
"43919","3","ace","27/12/16","89.615","hangtime2-1"
"53047","4","ace","18/10/16","65.328","kr3w-2"
"35971","2","ace","26/10/16","31.603","layers07"
"35972","2","ace","31/10/16","179.418","acejumps32"
"210325","1","ace","07/04/17","13.261","locus1"
"53052","4","ace","07/12/16","15.140","locus2"
"35976","2","ace","07/12/16","22.038","locus3"
"43929","3","ace","27/12/16","19.721","acejumps33"
"43930","3","ace","18/01/17","22.546","mako1"
"53056","4","ace","21/02/17","6801.985","ataraxia"
"35980","2","ace","04/03/17","43.364","acejumps34"
"43933","3","ace","05/03/17","32.536","acejumps35"
"62671","5","ace","06/03/17","39.733","mzcagain"
"43935","3","ace","08/04/17","53.952","acejumps36"
"53061","4","ace","23/03/17","35.025","mzccross"
"53062","4","ace","22/05/17","86.094","acejumps37"
"92371","8","ace","14/06/17","43.203","mzcgoblin"
"35987","2","ace","18/08/17","16.879","acejumps38"
"35988","2","ace","08/09/17","12.747","adrenjumps52"
"53066","4","ace","13/10/17","31.855","acejumps39"
"72507","6","ace","14/08/17","45.064","adrenjumps53"
"53068","4","ace","24/08/17","30.518","mzc_czesc"
"43944","3","ace","27/08/17","25.727","n00bz0r-06"
"62682","5","ace","09/09/17","27.623","n00bz0r-07"
"62683","5","ace","08/09/17","99.713","acejumps40"
"53072","4","ace","22/09/17","28.351","slipmap51"
"72513","6","ace","26/09/17","25.696","slipmap52"
"53074","4","ace","30/09/17","54.036","acejumps41"
"53075","4","ace","02/10/17","14.226","quaztourn"
"62688","5","ace","02/10/17","25.584","q2jt2017by4b"
"62689","5","ace","03/10/17","34.812","mako2"
"43954","3","ace","21/10/17","116.603","stonerjumps15"
"43955","3","ace","13/10/17","25.074","locus4"
"36004","2","ace","16/10/17","245.592","mako4"
"53082","4","ace","14/10/17","20.207","nubrace2"
"43958","3","ace","21/10/17","12.652","mzc_hat"
"82438","7","ace","20/10/17","29.127","nubrace3"
"62697","5","ace","18/10/17","36.127","stonerjumps14"
"62698","5","ace","23/10/17","14.914","mzc_banks"
"82441","7","ace","25/10/17","56.964","divyjumps1"
"36012","2","ace","27/10/17","21.895","xtrajump1"
"53090","4","ace","28/10/17","23.768","xtrajump2"
"36014","2","ace","15/12/17","20.594","xtrajump3"
"36015","2","ace","30/12/17","41.139","mako6"
"43969","3","ace","01/11/17","25.968","mzc_scratch"
"53095","4","ace","06/11/17","24.799","mapkis1"
"102345","9","ace","25/11/17","115.021","acejumps43"
"62713","5","ace","13/11/17","36.608","nubrace5"
"36027","2","ace","19/11/17","90.116","stonerjumps17"
"43979","3","ace","21/11/17","61.653","divyjumps3"
"112284","10","ace","22/11/17","21.352","acejumps46"
"36030","2","ace","25/11/17","40.068","lilpain"
"36037","2","ace","03/12/17","34.129","putt-jumps"
"43987","3","ace","09/12/17","35.769","stonerjumps18"
"43988","3","ace","09/12/17","42.903","aids_race"
"43989","3","ace","28/12/17","15.599","crap_jump"
"43990","3","ace","28/12/17","28.813","crap_jump2"
"43992","3","ace","03/01/18","44.688","stonerjumps19"
"62729","5","ace","15/09/17","17.298","anijump2.fixed"
"36048","2","ace","08/01/18","18.919","4jumps1"
"36050","2","ace","08/01/18","20.503","4jumps3"
"102360","9","ace","08/01/18","33.089","4jumps4"
"43999","3","ace","18/01/18","23.813","4jumps6"
"44000","3","ace","18/01/18","23.452","4jumps7"
"62737","5","ace","18/01/18","18.565","4jumps8"
"62739","5","ace","21/01/18","24.969","4jumps12"
"53286","4","ace","21/01/18","21.630","4jumps10"
"82481","7","ace","21/01/18","27.734","4jumps9"
"112312","10","ace","09/02/18","19.530","4jumps20"
"210425","1","ace","12/02/18","178.575","aircjumps"
"102381","9","ace","19/02/18","17.443","nubrace7"
"62757","5","ace","18/02/18","32.729","mako5"
"44022","3","ace","20/02/18","23.231","nubrace8"
"82496","7","ace","26/02/18","31.691","nubjumps2"
"44024","3","ace","02/03/18","24.496","nubjumps3"
"62761","5","ace","05/03/18","42.066","slipmap30b"
"62762","5","ace","07/03/18","165.335","acejumps48"
"92445","8","ace","01/09/17","12.998","railjump#1"
"44030","3","ace","17/06/15","8.145","railjump#2"
